User,Negative
@AppleSupport,0.006435
@Moto_Support,0.02594500000000001
@SamsungSupport,0.020040000000000006
@XiaomiSupport,0.024365
